title,url,time_added,tags,status
Pocket,https://getpocket.com/home?src=signup,1747942317,,unread
Reddit - The heart of the internet,https://www.reddit.com/,1747942399,,unread
mission impossible - Reddit Search!,https://www.reddit.com/search/?q=mission+impossible&source=promoted_trend&cId=b2705273-ff16-40ab-88f3-2e6506eaf8cb&iId=1dc79ea3-d77e-4e28-820a-a8bc40752d8d,1747942460,,unread
"Pocket’s Top-Saved Stories of the Week: March 8, 2025",https://getpocket.com/collections/pockets-top-saved-stories-of-the-week-march-8-2025,1748273589,,unread
"Pocket’s Top-Saved Stories of the Week: March 1, 2025",https://getpocket.com/collections/pockets-top-saved-stories-of-the-week-march-1-2025,1748273602,tag|test,unread
"Pocket’s Top-Saved Stories of the Week: January 25, 2025",https://getpocket.com/collections/pockets-top-saved-stories-of-the-week-january-25-2024,1748273608,,unread
The Surprisingly Strange History of Thanksgiving (and Other Turkey Day Trivia),https://getpocket.com/collections/the-surprisingly-strange-history-of-thanksgiving-and-other-turkey-day-trivia,1748273614,,unread
"Pocket’s Top-Saved Stories of the Week: November 23, 2024",https://getpocket.com/collections/pockets-top-saved-stories-of-the-week-november-23-2024,1748273620,,unread
"Pocket’s Top-Saved Stories of the Week: December 7, 2024",https://getpocket.com/collections/pockets-top-saved-stories-of-the-week-december-7-2024,1748273625,,unread
101arrowz/fflate,https://github.com/101arrowz/fflate,1748273688,,unread
"fflate v0.3.7 - still the fastest compression library, now with tests, multithreading, ZIP support, ",https://www.reddit.com/r/javascript/comments/jw838u/fflate_v037_still_the_fastest_compression_library/,1748273705,,unread
