{"slug":"testcollection","title":"test,collection","description":null,"createdAt":"2025-05-26T15:34:15.000Z","items":[{"url":"https://getpocket.com/collections/pockets-top-saved-stories-of-the-week-march-8-2025","title":"Pocket’s Top-Saved Stories of the Week: March 8, 2025","excerpt":"A handy housecleaning checklist, how to dodge hidden fees, and an exploration of Jane Austen’s love life.","note":null},{"url":"https://getpocket.com/collections/the-surprisingly-strange-history-of-thanksgiving-and-other-turkey-day-trivia","title":"The Surprisingly Strange History of Thanksgiving (and Other Turkey Day Trivia)","excerpt":"Impress your dinner guests with these surprising stories, from how eels were served at the first Thanksgiving to the time that Mikhail Gorbachev cut a Pizza Hut ad on Thanksgiving Day.","note":null}]}